track_name,artist(s)_name,artist_count,streams
Seven (feat. Latto) (Explicit Ver.),"Latto, Jung Kook",2,141381703
LALA,Myke Towers,1,133716286
vampire,Olivia Rodrigo,1,140003974
Cruel Summer,Taylor Swift,1,800840817
WHERE SHE GOES,Bad Bunny,1,303236322
Sprinter,"Dave, Central Cee",2,183706234
Ella Baila Sola,"Eslabon Armado, Peso Pluma",2,725980112
Columbia,Quevedo,1,58149378
fukumean,Gunna,1,95217315
La Bebe - Remix,"Peso Pluma, Yng Lvcas",2,553634067
un x100to,"Bad Bunny, Grupo Frontera",2,505671438
Super Shy,NewJeans,1,58255150
Flowers,Miley Cyrus,1,1316855716
Daylight,David Kushner,1,387570742
As It Was,Harry Styles,1,2513188493
Kill Bill,SZA,1,1163093654
Cupid - Twin Ver.,Fifty Fifty,1,496795686
"What Was I Made For? [From The Motion Picture ""Barbie""]",Billie Eilish,1,30546883
Classy 101,"Feid, Young Miko",2,335222234
Like Crazy,Jimin,1,363369738
LADY GAGA,"Gabito Ballesteros, Junior H, Peso Pluma",3,86444842
I Can See You (Taylorï¿½ï¿½ï¿½s Version) (From The ,Taylor Swift,1,52135248
I Wanna Be Yours,Arctic Monkeys,1,1297026226
"Peso Pluma: Bzrp Music Sessions, Vol. 55","Bizarrap, Peso Pluma",2,200647221
Popular (with Playboi Carti & Madonna) - The Idol Vol. 1 (Music from the HBO Original Series),"The Weeknd, Madonna, Playboi Carti",3,115364561
SABOR FRESA,Fuerza Regida,1,78300654
Calm Down (with Selena Gomez),"Rï¿½ï¿½ma, Selena G",2,899183384
MOJABI GHOST,"Tainy, Bad Bunny",2,61245289
Last Night,Morgan Wallen,1,429829812
Dance The Night (From Barbie The Album),Dua Lipa,1,127408954
Rush,Troye Sivan,1,22581161
TULUM,"Peso Pluma, Grupo Frontera",2,52294266
Creepin',"The Weeknd, 21 Savage, Metro Boomin",3,843957510
Anti-Hero,Taylor Swift,1,999748277
TQG,"Karol G, Shakira",2,618990393
Los del Espacio,"Big One, Duki, Lit Killah, Maria Becerra, FMK, Rusherking, Emilia, Tiago pzk",8,123122413
Frï¿½ï¿½gil (feat. Grupo Front,"Yahritza Y Su Esencia, Grupo Frontera",2,188933502
Blank Space,Taylor Swift,1,1355959075
Style,Taylor Swift,1,786181836
TQM,Fuerza Regida,1,176553476
El Azul,"Junior H, Peso Pluma",2,354495408
Sunflower - Spider-Man: Into the Spider-Verse,"Post Malone, Swae Lee",2,2808096550
I'm Good (Blue),"Bebe Rexha, David Guetta",2,1109433169
See You Again,"Tyler, The Creator, Kali Uchis",3,1047101291
Barbie World (with Aqua) [From Barbie The Album],"Nicki Minaj, Aqua, Ice Spice",3,65156199
Angels Like You,Miley Cyrus,1,570515054
I Ain't Worried,OneRepublic,1,1085685420
Die For You,The Weeknd,1,1647990401
Starboy,"The Weeknd, Daft Punk",2,2565529693
Die For You - Remix,"Ariana Grande, The Weeknd",2,518745108
El Cielo,"Feid, Myke Towers, Sky Rompiendo",3,107753850
Baby Don't Hurt Me,"David Guetta, Anne-Marie, Coi Leray",3,177740666
AMARGURA,Karol G,1,153372011
(It Goes Like) Nanana - Edit,Peggy Gou,1,57876440
Another Love,Tom Odell,1,1813673666
Blinding Lights,The Weeknd,1,3703895074
Moonlight,Kali Uchis,1,256483385
La Bachata,Manuel Turizo,1,1214083358
S91,Karol G,1,16011326
cardigan,Taylor Swift,1,812019557
Tï¿½ï¿,"dennis, MC Kevin o Chris",2,111947664
Boy's a liar Pt. 2,"PinkPantheress, Ice Spice",2,156338624
Left and Right (Feat. Jung Kook of BTS),"Charlie Puth, BTS, Jung Kook",3,720434240
BESO,"Rauw Alejandro, ROSALï¿½",2,357925728
Hey Mor,"Ozuna, Feid",2,674072710
Yellow,Chris Molitor,1,1755214421
Karma,Taylor Swift,1,404562836
People,Libianca,1,373199958
Overdrive,Post Malone,1,14780425
Enchanted (Taylor's Version),Taylor Swift,1,39578178
BABY HELLO,"Rauw Alejandro, Bizarrap",2,54266102
Heat Waves,Glass Animals,1,2557975762
golden hour,JVKE,1,751134527
Sweater Weather,The Neighbourhood,1,2282771485
"Quevedo: Bzrp Music Sessions, Vol. 52","Bizarrap, Quevedo",2,1356565093
Viva La Vida,Coldplay,1,1592909789
Here With Me,d4vd,1,635412045
Unholy (feat. Kim Petras),"Sam Smith, Kim Petras",2,1230675890
Yandel 150,"Yandel, Feid",2,585695368
CORAZï¿½ï¿½N VA,Maria Becerra,1,43857627
Riptide,Vance Joy,1,2009094673
Until I Found You (with Em Beihold) - Em Beihold Version,"Em Beihold, Stephen Sanchez",2,600976848
Novidade na ï¿½ï¿,"Mc Livinho, DJ Matt D",2,39709092
Back To December (Taylor's Version),Taylor Swift,1,39228929
STAY (with Justin Bieber),"Justin Bieber, The Kid Laroi",2,2665343922
El Merengue,"Marshmello, Manuel Turizo",2,223633238
Someone You Loved,Lewis Capaldi,1,2887241814
Me Porto Bonito,"Chencho Corleone, Bad Bunny",2,1440757818
Makeba,Jain,1,165484133
MONTAGEM - FR PUNK,"Ayparia, unxbected",2,58054811
Fast Car,Luke Combs,1,157058870
What It Is (Solo Version),Doechii,1,95131998
Coco Chanel,"Bad Bunny, Eladio Carrion",2,250305248
Donï¿½ï¿½ï¿½t Bl,Taylor Swift,1,685032533
Still With You,Jung Kook,1,38411956
All My Life (feat. J. Cole),"J. Cole, Lil Durk",2,144565150
Say Yes To Heaven,Lana Del Rey,1,127567540
Snooze,SZA,1,399686758
Summertime Sadness,Lana Del Rey,1,983637508
Take Two,BTS,1,118482347
Lover,Taylor Swift,1,882831184
Too Many Nights (feat. Don Toliver & with Future),"Future, Metro Boomin, Don Toliver",3,286400165
Chemical,Post Malone,1,172825906
Mockingbird,Eminem,1,1241559043
New Jeans,NewJeans,1,29562220
Primera Cita,Carin Leon,1,77309611
Cold Heart - PNAU Remix,"Dua Lipa, Elton John, Pnau",3,1605224506
Dandelions,Ruth B.,1,1116995633
Bones,Imagine Dragons,1,838079900
Set Fire to the Rain,Adele,1,1163620694
Money Trees,"Kendrick Lamar, Jay Rock",2,1093605526
Tak Segampang Itu,Anggi Marito,1,179659294
LAGUNAS,"Jasiel Nuï¿½ï¿½ez, Peso P",2,39058561
Mine (Taylor's Version),Taylor Swift,1,36912123
Everybody Wants To Rule The World,Tears For Fears,1,1205951614
No Role Modelz,J. Cole,1,1791000570
Tattoo,Loreen,1,201660859
Rara Vez,"Taiu, Milo j",2,248088961
VAGABUNDO,"Sebastian Yatra, Manuel Turizo, Beï¿½ï",3,90839753
august,Taylor Swift,1,607123776
LUNA,"Junior H, Peso Pluma",2,55842345
Miracle (with Ellie Goulding),"Calvin Harris, Ellie Goulding",2,211050784
Nonsense,Sabrina Carpenter,1,342897938
Que Vuelvas,"Carin Leon, Grupo Frontera",2,2762
Por las Noches,Peso Pluma,1,330346424
Feliz Cumpleaï¿½ï¿½os Fe,Feid,1,601863821
Can't Hold Us (feat. Ray Dalton),"Ray Dalton, Ryan Lewis, Macklemore",3,1953533826
Watermelon Sugar,Harry Styles,1,2322580122
lovely - Bonus Track,"Billie Eilish, Khalid",2,2355719893
"Rauw Alejandro: Bzrp Music Sessions, Vol. 56","Rauw Alejandro, Bizarrap",2,66902503
Queencard,(G)I-DLE,1,96273746
OMG,NewJeans,1,430977451
Radio,Lana Del Rey,1,284819874
"Shakira: Bzrp Music Sessions, Vol. 53","Shakira, Bizarrap",2,721975598
505,Arctic Monkeys,1,1217120710
"Calling (Spider-Man: Across the Spider-Verse) (Metro Boomin & Swae Lee, NAV, feat. A Boogie Wit da Hoodie)","Swae Lee, A Boogie Wit da Hoodie, Metro Boomin, NAV",4,109276132
Trance (with Travis Scott & Young Thug),"Travis Scott, Young Thug, Metro Boomin",3,276259178
"Tere Vaaste (From ""Zara Hatke Zara Bachke"")","Sachin-Jigar, Shadab Faridi, Altamash Faridi, Amitabh Bhattacharya, Varun Jain",5,54225632
Perfect,Ed Sheeran,1,2559529074
Romantic Homicide,d4vd,1,681583126
Believer,Imagine Dragons,1,2594040133
Novo Balanï¿½,"Veigh, Bvga Beatz, Supernova Ent, Prod Malax",4,81102253
"Gol Bolinha, Gol Quadrado 2","Mc Pedrinho, DJ 900",2,11956641
Without Me,Eminem,1,1687664027
QUEMA,"Sog, Ryan Castro, Peso Pluma",3,11599388
Stargirl Interlude,"The Weeknd, Lana Del Rey",2,611700552
Ojitos Lindos,"Bomba Estï¿½ï¿½reo, Bad B",2,1133865788
Somewhere Only We Know,Keane,1,1089402494
Those Eyes,New West,1,411747614
El Gordo Trae El Mando,Chino Pacas,1,255932395
Mi Bello Angel,Natanael Cano,1,31873544
Bye,Peso Pluma,1,95053634
Danza Kuduro,"Don Omar, Lucenzo",2,1279434863
Nosso Quadro,"Ana Castela, AgroPlay",2,233801632
Locked Out Of Heaven,Bruno Mars,1,1481349984
Un Finde | CROSSOVER #2,"Big One, FMK, Ke personajes",3,142095275
Jimmy Cooks (feat. 21 Savage),"Drake, 21 Savage",2,618885532
Counting Stars,OneRepublic,1,2011464183
Ghost,Justin Bieber,1,1167330737
Under The Influence,Chris Brown,1,929964809
PRC,"Natanael Cano, Peso Pluma",2,436027885
Gasolina,Daddy Yankee,1,657723613
One Dance,"Drake, WizKid, Kyla",3,2713922350
Enchanted,Taylor Swift,1,621660989
Save Your Tears,The Weeknd,1,1591223784
Sure Thing,Miguel,1,950906471
Every Breath You Take - Remastered 2003,The Police,1,1593270737
The Night We Met,Lord Huron,1,1410088830
We Found Love,"Rihanna, Calvin Harris",2,1235005533
When I Was Your Man,Bruno Mars,1,1661187319
Let Me Down Slowly,Alec Benjamin,1,1374581173
"Am I Dreaming (Metro Boomin & A$AP Rocky, Roisee)","A$AP Rocky, Metro Boomin, Roisee",3,94186466
Do I Wanna Know?,Arctic Monkeys,1,1788326445
Demons,Imagine Dragons,1,1840364617
ýýýýýýýýýýýý,YOASOBI,1,143573775
Reminder,The Weeknd,1,684675814
Shake It Off,Taylor Swift,1,1113838873
Why'd You Only Call Me When You're High?,Arctic Monkeys,1,1267333350
SNAP,Rosa Linn,1,726307468
Shape of You,Ed Sheeran,1,3562543890
Night Changes,One Direction,1,1131090940
Fin de Semana,"Oscar Maydon, Junior H",2,307370144
Creep,Radiohead,1,1271293243
Car's Outside,James Arthur,1,265882712
Apocalypse,Cigarettes After Sex,1,841749534
Cheques,Shubh,1,47956378
Pink + White,Frank Ocean,1,806397070
Circles,Post Malone,1,2132335812
Just The Way You Are,Bruno Mars,1,1641426668
Take Me To Church,Hozier,1,2135158446
Bebe Dame,"Fuerza Regida, Grupo Frontera",2,367316268
You Belong With Me (Taylorï¿½ï¿½ï¿½s Ve,Taylor Swift,1,350381515
Titi Me Preguntï¿,Bad Bunny,1,1264310836
Better Than Revenge (Taylor's Version),Taylor Swift,1,30343206
Shut up My Moms Calling,Hotel Ugly,1,405136812
Have You Ever Seen The Rain?,Creedence Clearwater Revival,1,1145727611
Es un Secreto,Plan B,1,540654286
POLARIS - Remix,"Feid, Mora, Saiko, Quevedo",4,57312735
Ditto,NewJeans,1,397582059
Take On Me,a-ha,1,1479115056
"Annihilate (Spider-Man: Across the Spider-Verse) (Metro Boomin & Swae Lee, Lil Wayne, Offset)","Swae Lee, Lil Wayne, Offset, Metro Boomin",4,86773632
"Angel Pt 1 (feat. Jimin of BTS, JVKE & Muni Long)","Kodak Black, NLE Choppa, Muni Long, JVKE, Jimin",5,133753727
Acrï¿½ï¿½s,Shakira,1,123124076
AMG,"Natanael Cano, Gabito Ballesteros, Peso Pluma",3,463564958
"Phir Aur Kya Chahiye (From ""Zara Hatke Zara Bachke"")","Arijit Singh, Sachin-Jigar, Amitabha Bhattacharya",3,64533040
S-Class,Stray Kids,1,65496046
Hits Different,Taylor Swift,1,68616963
Chanel,"Becky G, Peso Pluma",2,161460990
Self Love (Spider-Man: Across the Spider-Verse) (Metro Boomin & Coi Leray),"Metro Boomin, Coi Leray",2,70106975
Area Codes,"Kaliii, Kaliii",2,113509496
Abcdario,"Junior H, Eden Muï¿½ï",2,89933133
Obsessed,"Abhijay Sharma, Riar Saab",2,71007139
Piï¿½ï¿½man Deï¿,"Semicenk, Doï¿½ï¿½u ",2,43522589
FLOWER,JISOO,1,232896922
"All The Way Live (Spider-Man: Across the Spider-Verse) (Metro Boomin & Future, Lil Uzi Vert)","Future, Lil Uzi Vert, Metro Boomin",3,37126685
Eyes Closed,Ed Sheeran,1,195576623
Escapism.,"RAYE, 070 Shake",2,532336353
La Jumpa,"Arcangel, Bad Bunny",2,538115192
Karma (feat. Ice Spice),"Taylor Swift, Ice Spice",2,46142772
Superhero (Heroes & Villains) [with Future & Chris Brown],"Future, Chris Brown, Metro Boomin",3,401036314
Las Morras,"BLESSD, Peso Pluma",2,127026613
CHORRITO PA LAS ANIMAS,Feid,1,345031710
Ch y la Pizza,"Fuerza Regida, Natanael Cano",2,288101651
Snow On The Beach (feat. More Lana Del Rey),"Lana Del Rey, Taylor Swift",2,60350538
Players,Coi Leray,1,335074782
Bite Me,ENHYPEN,1,76767396
Stand By Me (feat. Morgan Wallen),"Lil Durk, Morgan Wallen",2,46065667
Normal,Feid,1,459276435
Hummingbird (Metro Boomin & James Blake),"James Blake, Metro Boomin",2,39666245
Seu Brilho Sumiu - Ao Vivo,"Israel & Rodolffo, Mari Fernandez",2,138517666
Bad Habit,Steve Lacy,1,822633917
CUFF IT,Beyoncï¿,1,595900742
Lilith (feat. SUGA of BTS) (Diablo IV Anthem),"Halsey, Suga",2,51985779
69,"Nicky Jam, Feid",2,57945987
Niï¿½ï¿½a Bo,"Sean Paul, Feid",2,115010040
Search & Rescue,Drake,1,175097833
AMERICA HAS A PROBLEM (feat. Kendrick Lamar),"Kendrick Lamar, Beyoncï¿",2,57089066
Lavender Haze,Taylor Swift,1,488386797
"Link Up (Metro Boomin & Don Toliver, Wizkid feat. BEAM & Toian) - Spider-Verse Remix (Spider-Man: Across the Spider-Verse )","WizKid, Toian, Metro Boomin, Don Toliver, Beam",5,32761689
Efecto,Bad Bunny,1,1047480053
Erro Gostoso - Ao Vivo,Simone Mendes,1,153454328
Cupido,Tini,1,217672943
Just Wanna Rock,Lil Uzi Vert,1,457184829
Unstoppable,Sia,1,939844851
Until I Found You,Stephen Sanchez,1,726434358
Rich Flex,"Drake, 21 Savage",2,573633020
Easy On Me,Adele,1,1406111294
Cartï¿½ï¿½o B,"MC Caverinha, KayBlack",2,71573339
Danger (Spider) (Offset & JID),"Offset, JID",2,24975653
Oi Balde - Ao Vivo,Zï¿½ï¿½ Neto & Crist,1,145458418
The Real Slim Shady,Eminem,1,1424589568
MERCHO,"Migrantes, LiL CaKe, Nico Valdi",3,231332117
The Color Violet,Tory Lanez,1,415932686
Glimpse of Us,Joji,1,988515741
Mejor Que Yo,"Mambo Kingz, DJ Luian, Anuel Aa",3,50847624
Curtains,Ed Sheeran,1,39893489
UNFORGIVEN (feat. Nile Rodgers),"Nile Rodgers, LE SSERAFIM",2,92035115
Haegeum,Agust D,1,118810253
Conexï¿½ï¿½es de Mï¿½ï¿½fia (feat. Rich ,"Rich The Kid, Matuï¿",2,77233241
MIENTRAS ME CURO DEL CORA,Karol G,1,206399629
Never Felt So Alone,Labrinth,1,117747907
X SI VOLVEMOS,"Karol G, Romeo Santos",2,266624541
ceilings,Lizzy McAlpine,1,293186992
Cupid,Fifty Fifty,1,139681964
I AM,IVE,1,123132751
Cupid ï¿½ï¿½ï¿½ Twin Ver. (FIFTY FIFTY) ï¿½ï¿½ï¿½ Spe,sped up 8282,1,103762518
Shorty Party,"Cartel De Santa, La Kelly",2,162887075
Super,SEVENTEEN,1,91221625
Slut Me Out,NLE Choppa,1,190490915
Double Fantasy (with Future),"The Weeknd, Future",2,96180277
All Of The Girls You Loved Before,Taylor Swift,1,185240616
PROVENZA,Karol G,1,885093467
Princess Diana (with Nicki Minaj),"Nicki Minaj, Ice Spice",2,104992946
Di Que Si,"Grupo Marca Registrada, Grupo Frontera",2,147290338
Shivers,Ed Sheeran,1,1302184087
Igualito a Mi Apï¿,"Fuerza Regida, Peso Pluma",2,158950978
Shoong! (feat. LISA of BLACKPINK),"TAEYANG, Lisa",2,76910644
Komang,Raim Laode,1,137123880
DESPECHï¿,ROSALï¿½,1,782369383
Made You Look,Meghan Trainor,1,502574952
Watch This - ARIZONATEARS Pluggnb Remix,"sped up nightcore, ARIZONATEARS, Lil Uzi Vert",3,207033255
No Se Va,Grupo Frontera,1,404887295
Punto G,Quevedo,1,381161027
Lovers Rock,TV Girl,1,466231982
METAMORPHOSIS,INTERWORLD,1,357580552
Mami Chula,"Quevedo, Jhayco",2,61105704
En Paris,"El Chachito, Junior H",2,198275403
Set Me Free Pt.2,Jimin,1,168448603
I Was Never There,"The Weeknd, Gesaffelstein",2,705469769
Don't ever say love me (feat. RM of BTS),"RM, Colde",2,34502215
Shut Down,BLACKPINK,1,482175240
Gato de Noche,"Nengo Flow, Bad Bunny",2,304118600
Call Out My Name,The Weeknd,1,1449799467
Like Crazy (English Version),Jimin,1,173627354
Rosa Pastel,"Jasiel Nuï¿½ï¿½ez, Peso P",2,90025258
Sunroof,"Nicky Youre, Dazy",2,652704649
Lose Yourself - Soundtrack Version,Eminem,1,1829992958
Superman,"Eminem, Dina Rae",2,655466831
Mas Rica Que Ayer,"Mambo Kingz, DJ Luian, Anuel Aa",3,146409671
People Pt.2 (feat. IU),"IU, Agust D",2,95816024
REMIX EXCLUSIVO,Feid,1,117206995
"Arcï¿½ï¿½ngel: Bzrp Music Sessions, Vol","Arcangel, Bizarrap",2,100409613
DOGTOOTH,"Tyler, The Creator",2,80758350
10:35,"Tiï¿½ï¿½sto, Tate M",2,325592432
SORRY NOT SORRY,"Tyler, The Creator",2,58473276
HAPPY,NF,1,52722996
La Bebe,Yng Lvcas,1,191945597
I Know - PR1SVX Edit,"Kanii, PR1ISVX",2,77377503
Late Night Talking,Harry Styles,1,743693613
Leï¿½,Marï¿½ï¿½lia Mendo,1,267789608
Save Your Tears (with Ariana Grande) (Remix),"Ariana Grande, The Weeknd",2,1221813483
Something in the Orange,Zach Bryan,1,449701773
VOID,Melanie Martinez,1,67070410
Dijeron Que No La Iba Lograr,"Fuerza Regida, Chino Pacas",2,116334601
Midnight Rain,Taylor Swift,1,433356509
If We Ever Broke Up,Mae Stephens,1,165584767
You Proof,Morgan Wallen,1,367814306
LA INOCENTE,"Feid, Mora",2,477033549
Malas Decisiones,Kenia OS,1,156214700
Murder In My Mind,Kordhell,1,448843705
Gangsta's Paradise,"Coolio, L.V.",2,1357608774
CAIRO,"Karol G, Ovy On The Drums",2,294352144
I Love You So,The Walters,1,972164968
Dark Red,Steve Lacy,1,920045682
Say You Won't Let Go,James Arthur,1,2420461338
The Hills,The Weeknd,1,1947371785
Heart To Heart,Mac DeMarco,1,244658767
Peaches (from The Super Mario Bros. Movie),Jack Black,1,68216992
Marisola - Remix,"Duki, NICKI NICOLE, Cris Mj, Standly, Stars Music Chile",5,223582566
LOKERA,"Brray, Rauw Alejandro, Lyanno",3,471819764
Low,SZA,1,272377463
Numb,Linkin Park,1,1361425037
Tormenta (feat. Bad Bunny),"Gorillaz, Bad Bunny",2,149778242
on the street (with J. Cole),"j-hope, J. Cole",2,116599790
One Thing At A Time,Morgan Wallen,1,148469433
Miss You,"Robin Schulz, Oliver Tree",2,497225336
Ainï¿½ï¿½ï¿½t Tha,Morgan Wallen,1,88791109
Thinkinï¿½ï¿½ï¿½ B,Morgan Wallen,1,125917280
Private Landing (feat. Justin Bieber & Future),"Don Toliver, Future, Justin Bieber",3,105062254
Everything I Love,Morgan Wallen,1,95623148
Heaven,Niall Horan,1,144584800
LET GO,Central Cee,1,298063749
Sial,Mahalini,1,166570053
I Wrote The Book,Morgan Wallen,1,83021468
"Apna Bana Le (From ""Bhediya"")","Arijit Singh, Sachin-Jigar",2,139836056
SPIT IN MY FACE!,ThxSoMch,1,303216294
PLAYA DEL INGLï¿½,"Myke Towers, Quevedo",2,221409663
Man Made A Bar (feat. Eric Church),"Morgan Wallen, Eric Church",2,58890931
Red Ruby Da Sleeze,Nicki Minaj,1,81419389
Kahani Suno 2.0,Kaifi Khalil,1,156777415
Nobody Gets Me,SZA,1,284908316
PERO Tï¿,"Karol G, Quevedo",2,93438910
Hype Boy,NewJeans,1,363472647
Bloody Mary,Lady Gaga,1,372476382
Monotonï¿½,"Ozuna, Shakira",2,380726517
ýýý98 Braves,Morgan Wallen,1,56533272
WANDA,Quevedo,1,175399345
Thought You Should Know,Morgan Wallen,1,203221468
In The End,Linkin Park,1,1624165576
Zona De Perigo,Leo Santana,1,134294498
Lovezinho,Treyce,1,70069745
I Like You (A Happier Song) (with Doja Cat),"Post Malone, Doja Cat",2,609293408
Neverita,Bad Bunny,1,671365962
Vista Al Mar,Quevedo,1,362361576
Sem Alianï¿½ï¿½a no ,"MC Xenon, Os Gemeos da Putaria",2,93587665
Enemy (with JID) - from the series Arcane League of Legends,"Imagine Dragons, League of Legends, JID, Arcane",4,1223481149
Revenge,XXXTENTACION,1,1022258230
Bombonzinho - Ao Vivo,"Israel & Rodolffo, Ana Castela",2,263453310
LA CANCIï¿½,"J Balvin, Bad Bunny",2,1435127549
Quï¿½ï¿½ Ago,"Yuridia, Angela Aguilar",2,236857112
Love Again,The Kid Laroi,1,147538971
After Hours,The Weeknd,1,698086140
About Damn Time,Lizzo,1,723894473
Born With A Beer In My Hand,Morgan Wallen,1,34450974
ýýýýýýýýýýýýýýýýýýýýý,Fujii Kaze,1,403097450
Besos Moja2,"Wisin & Yandel, ROSALï¿½",2,309483971
Maan Meri Jaan,King,1,319566866
Moscow Mule,Bad Bunny,1,909001996
My Universe,"Coldplay, BTS",2,1061966512
Devil Donï¿½ï¿½ï¿½,Morgan Wallen,1,32526947
LLYLM,ROSALï¿½,1,124988687
I'm Not Here To Make Friends,"Sam Smith, Calvin Harris, Jessie Reyez",3,103787664
TRUSTFALL,P!nk,1,134255790
ANTIFRAGILE,LE SSERAFIM,1,301051721
Boy's a liar,PinkPantheress,1,156338624
VIBE (feat. Jimin of BTS),"TAEYANG, Jimin",2,152850295
Shirt,SZA,1,309653982
Lift Me Up - From Black Panther: Wakanda Forever - Music From and Inspired By,Rihanna,1,297328960
STAR WALKIN' (League of Legends Worlds Anthem),Lil Nas X,1,332506354
"Sex, Drugs, Etc.",Beach Weather,1,480507035
Boy With Luv (feat. Halsey),"Halsey, BTS",2,1065580332
"Hey, Mickey!",Baby Tate,1,122763672
Calm Down,Rï¿½ï,1,445763624
Jhoome Jo Pathaan,"Arijit Singh, Vishal Dadlani, Sukriti Kakar, Vishal-Shekhar, Shekhar Ravjiani, Kumaar",6,1365184
Escapism. - Sped Up,"RAYE, 070 Shake",2,184308753
Space Song,Beach House,1,789753877
Dreamers [Music from the FIFA World Cup Qatar 2022 Official Soundtrack],"BTS, Jung Kook, FIFA Sound",3,323358833
Te Felicito,"Shakira, Rauw Alejandro",2,606361689
Muï¿½ï¿½,"Steve Aoki, Tini, La Joaqui",3,120972253
TV,Billie Eilish,1,338564981
I'm Not The Only One,Sam Smith,1,1606986953
Heather,Conan Gray,1,1301799902
"Besharam Rang (From ""Pathaan"")","Vishal-Shekhar, Shilpa Rao, Caralisa Monteiro, Kumaar, Vishal Dadlani, Shekhar Ravjiani",6,140187018
One Kiss (with Dua Lipa),"Calvin Harris, Dua Lipa",2,1897517891
Sugar Rush Ride,TOMORROW X TOGETHER,1,107642809
Pink Venom,BLACKPINK,1,551305895
WAIT FOR U (feat. Drake & Tems),"Drake, Future, Tems",3,556585270
Don't Start Now,Dua Lipa,1,2303033973
After Dark,Mr.Kitty,1,646886885
Eu Gosto Assim - Ao Vivo,"Gustavo Mioto, Mari Fernandez",2,222612678
INDUSTRY BABY (feat. Jack Harlow),"Jack Harlow, Lil Nas X",2,1814349763
MIDDLE OF THE NIGHT,Elley Duhï¿,1,872137015
Atlantis,Seafret,1,571386359
PUNTO 40,"Baby Rasta, Rauw Alejandro",2,304079786
Evoque Prata,"DJ Escobar, MC MENOR SG, MC MENOR HR",3,174006928
How Do I Say Goodbye,Dean Lewis,1,284785823
Blind,SZA,1,163284000
Die For You,Joji,1,246390068
Doja,Central Cee,1,482257456
Gatita,Bellakath,1,168684524
Rumble,"Skrillex, Flowdan, Fred again..",3,78489819
Niagara Falls (Foot or 2) [with Travis Scott & 21 Savage],"Travis Scott, 21 Savage, Metro Boomin",3,195516622
Yonaguni,Bad Bunny,1,1260594497
Super Freaky Girl,Nicki Minaj,1,428685680
Running Up That Hill (A Deal With God),Kate Bush,1,1024858327
Dream On,Aerosmith,1,838586769
Limbo,Freddie Dredd,1,199386237
Where Are You Now,"Lost Frequencies, Calum Scott",2,972509632
WORTH NOTHING,"Twisted, Oliver Tree",2,213438580
Bad Habits,Ed Sheeran,1,1555511105
KICK BACK,Kenshi Yonezu,1,210038833
Evergreen (You Didnï¿½ï¿½ï¿½t Deserve Me A,Omar Apollo,1,227918678
Good Days,SZA,1,826623384
Levitating (feat. DaBaby),"Dua Lipa, DaBaby",2,1802514301
Woman,Doja Cat,1,1329090101
Shut up My Moms Calling - (Sped Up),Hotel Ugly,1,181831132
Ferrari,"James Hype, Miggy Dela Rosa",2,462791599
"You're On Your Own, Kid",Taylor Swift,1,348647203
"Kesariya (From ""Brahmastra"")","Pritam, Arijit Singh, Amitabh Bhattacharya",3,366599607
Agudo Mï¿½ï¿½gi,"Styrx, utku INC, Thezth",3,90598517
Payphone,"Maroon 5, Wiz Khalifa",2,1479264469
All I Want for Christmas Is You,Mariah Carey,1,1449779435
Last Christmas,Wham!,1,1159176109
Rockin' Around The Christmas Tree,Brenda Lee,1,769213520
Jingle Bell Rock,Bobby Helms,1,741301563
It's Beginning To Look A Lot Like Christmas,Michael Bublï¿,1,807561936
Santa Tell Me,Ariana Grande,1,834129063
It's the Most Wonderful Time of the Year,Andy Williams,1,663832097
Let It Snow! Let It Snow! Let It Snow!,Dean Martin,1,446390129
Snowman,Sia,1,690104769
Underneath the Tree,Kelly Clarkson,1,485285717
Feliz Navidad,Josï¿½ï¿½ Felic,1,520034544
Holly Jolly Christmas,Michael Bublï¿,1,476244795
Mistletoe,Justin Bieber,1,629173063
Sleigh Ride,The Ronettes,1,404664135
Seek & Destroy,SZA,1,98709329
Love Language,SZA,1,110849052
Happy Xmas (War Is Over),"John Lennon, The Harlem Community Choir, The Plastic Ono Band, Yoko Ono",4,460492795
Used (feat. Don Toliver),"SZA, Don Toliver",2,94005786
A Holly Jolly Christmas - Single Version,Burl Ives,1,395591396
The Christmas Song (Merry Christmas To You) - Remastered 1999,Nat King Cole,1,389771964
Wonderful Christmastime - Edited Version / Remastered 2011,Paul McCartney,1,403939487
Do They Know It's Christmas? - 1984 Version,Band Aid,1,481697415
Ghost in the Machine (feat. Phoebe Bridgers),"SZA, Phoebe Bridgers",2,110073250
Special,SZA,1,88092256
Merry Christmas Everyone,Shakin' Stevens,1,351636786
Let It Snow! Let It Snow! Let It Snow!,"Frank Sinatra, B. Swanson Quartet",2,473248298
SOS,SZA,1,73981293
Open Arms (feat. Travis Scott),"SZA, Travis Scott",2,155653938
White Christmas,"Bing Crosby, John Scott Trotter & His Orchestra, Ken Darby Singers",3,395591396
Driving Home for Christmas - 2019 Remaster,Chris Rea,1,429504768
Christmas (Baby Please Come Home),Darlene Love,1,242767149
Gone Girl,SZA,1,65362788
F2F,SZA,1,67540165
Notice Me,SZA,1,62019074
Merry Christmas,"Ed Sheeran, Elton John",2,135723538
It's Beginning to Look a Lot Like Christmas (with Mitchell Ayres & His Orchestra),"Perry Como, The Fontane Sisters, Mitchell Ayres & His Orchestra",3,295998468
My Only Wish (This Year),Britney Spears,1,261116938
Antidepresan,"Mabel Matiz, Mert Demir",2,136689549
Wild Flower (with youjeen),RM,1,135611421
I Hate U,SZA,1,356709897
Raindrops (Insane) [with Travis Scott],"Travis Scott, Metro Boomin",2,110649992
SPIT IN MY FACE!,ThxSoMch,1,301869854
Deck The Hall - Remastered 1999,Nat King Cole,1,127027715
Smoking on my Ex Pack,SZA,1,57144458
Conceited,SZA,1,56870689
Snow On The Beach (feat. Lana Del Rey),"Taylor Swift, Lana Del Rey",2,323437194
Maroon,Taylor Swift,1,317726339
Tubarï¿½ï¿½o Te,"Dj LK da Escï¿½ï¿½cia, Tchakabum, mc jhenny, M",4,116144341
Bejeweled,Taylor Swift,1,328207708
Tarot,"Bad Bunny, Jhay Cortez",2,608228647
You Make It Feel Like Christmas (feat. Blake Shelton),"Gwen Stefani, Blake Shelton",2,180577478
Desesperados,"Chencho Corleone, Rauw Alejandro",2,809306935
Too Late,SZA,1,49262961
Party,"Bad Bunny, Rauw Alejandro",2,614555082
Run Rudolph Run - Single Version,Chuck Berry,1,245350949
Jingle Bells - Remastered 1999,Frank Sinatra,1,178660459
Far,SZA,1,51641685
On Time (with John Legend),"John Legend, Metro Boomin",2,78139948
GATï¿½ï¿½,"Maldy, Karol G",2,322336177
ýýýabcdefu,Gayle,1,1007612429
Sacrifice,The Weeknd,1,326792833
Is There Someone Else?,The Weeknd,1,391251368
Fingers Crossed,"Lauren Spencer Smith, Lauren Spencer Smith, Lauren Spencer Smith",3,349585590
Out of Time,The Weeknd,1,339659802
Do It To It,"Cherish, ACRAZE",2,674772936
We Don't Talk About Bruno,"Adassa, Mauro Castillo, Stephanie Beatriz, Encanto - Cast, Rhenzy Feliz, Diane Guerrero, Carolina Gaitan",7,432719968
Pepas,Farruko,1,1309887447
How Do I Make You Love Me?,The Weeknd,1,119238316
Gasoline,The Weeknd,1,116903579
Infinity,Jaymes Young,1,888046992
Less Than Zero,The Weeknd,1,200660871
Take My Breath,The Weeknd,1,130655803
good 4 u,Olivia Rodrigo,1,1887039593
"Here We Goï¿½ï¿½ï¿½ Again (feat. Tyler, the Cr","The Weeknd, Tyler, The Creator",3,88103848
Best Friends,The Weeknd,1,101114984
Kiss Me More (feat. SZA),"SZA, Doja Cat",2,1575467011
I Heard You're Married (feat. Lil Wayne),"The Weeknd, Lil Wayne",2,91656026
Need To Know,Doja Cat,1,1042568408
MONTERO (Call Me By Your Name),Lil Nas X,1,1735441776
love nwantiti (ah ah ah),Ckay,1,726837877
Dawn FM,The Weeknd,1,53933526
Surface Pressure,Jessica Darrow,1,267758538
Starry Eyes,The Weeknd,1,74601456
THATS WHAT I WANT,Lil Nas X,1,920797189
One Right Now (with The Weeknd),"The Weeknd, Post Malone",2,539595276
Beggin,Mï¿½ï¿½ne,1,1367810478
Mon Amour - Remix,"Aitana, zzoilo",2,578207856
Lo Siento BB:/ (with Bad Bunny & Julieta Venegas),"Julieta Venegas, Bad Bunny, Tainy",3,775542072
MONEY,Lisa,1,863625566
The Motto,"Tiï¿½ï¿½sto, Ava",2,656013912
Happier Than Ever,Billie Eilish,1,1056760045
Moth To A Flame (with The Weeknd),"The Weeknd, Swedish House Mafia",2,611994237
traitor,"Juan Cruz Toledo, Huilen Toledo",2,1230855859
Toxic,BoyWithUke,1,582981380
drivers license,Olivia Rodrigo,1,1858144199
Malvadï¿½ï¿,"Xamï¿½ï¿½, Gustah, Neo B",3,240684449
All Too Well (10 Minute Version) (Taylor's Version) (From The Vault),Taylor Swift,1,583687007
Donï¿½ï¿½ï¿½t Break My,The Weeknd,1,63803529
Oh My God,Adele,1,466214729
Entre Nosotros (Remix) [con Nicki Nicole],"Lit Killah, Maria Becerra, Tiago pzk, NICKI NICOLE",4,236940480
A Tale By Quincy,The Weeknd,1,41924466
I AM WOMAN,Emmy Meli,1,225259194
Medallo,"Justin Quiles, Lenny Tavï¿½ï¿½rez, BL",3,393230256
It'll Be Okay,Shawn Mendes,1,287201015
Softcore,The Neighbourhood,1,599770206
Super Gremlin,Kodak Black,1,342779426
Volvï¿,"Aventura, Bad Bunny",2,673801126
Todo De Ti,Rauw Alejandro,1,1168642797
Love Nwantiti - Remix,"Ckay, AX'EL, Dj Yo!",3,540539717
Smokin Out The Window,"Bruno Mars, Anderson .Paak, Silk Sonic",3,383550148
Meet Me At Our Spot,"THE ANXIETY, Willow, Tyler Cole",3,530511203
Every Angel is Terrifying,The Weeknd,1,37307967
Tacones Rojos,Sebastian Yatra,1,510876816
Peaches (feat. Daniel Caesar & Giveon),"Justin Bieber, Daniel Caesar, Giveon",3,1445941661
Dakiti,"Bad Bunny, Jhay Cortez",2,1763363713
"Tiago PZK: Bzrp Music Sessions, Vol. 48","Bizarrap, Tiago pzk",2,374191487
Lï¿½ï¿½ï¿,Stromae,1,108809090
Nostï¿½ï¿½l,"Chris Brown, Rvssian, Rauw Alejandro",3,436695353
Better Days (NEIKED x Mae Muller x Polo G),"NEIKED, Mae Muller, Polo G",3,421040617
Life Goes On,Oliver Tree,1,501541661
Sad Girlz Luv Money Remix (feat. Kali Uchis),"Kali Uchis, Amaarae, Moliy",3,354065229
Butter,BTS,1,1143647827
pushin P (feat. Young Thug),"Young Thug, Future, Gunna",3,311395144
You Right,"Doja Cat, The Weeknd",2,672656250
deja vu,Olivia Rodrigo,1,1256880657
Dynamite,BTS,1,1692897992
TO THE MOON,Jnr Choi,1,245095641
Lost in the Fire,"The Weeknd, Gesaffelstein",2,686734357
Salimo de Noche,"Trueno, Tiago pzk",2,261414174
Volando - Remix,"Sech, Bad Bunny, Mora",3,610045621
Leave The Door Open,"Bruno Mars, Anderson .Paak, Silk Sonic",3,1115880852
Knife Talk (with 21 Savage ft. Project Pat),"Drake, Project Pat, 21 Savage",3,594482982
Don't Be Shy,"Tiï¿½ï¿½sto, Kar",2,566954746
Love Grows (Where My Rosemary Goes),Edison Lighthouse,1,BPM110KeyAModeMajorDanceability53Valence75Energy69Acousticness7Instrumentalness0Liveness17Speechiness3
LA FAMA (with The Weeknd),"The Weeknd, ROSALï¿½",2,374706940
The Family Madrigal,"Olga Merediz, Stephanie Beatriz, Encanto - Cast",3,184937148
Phantom Regret by Jim,The Weeknd,1,31959571
Dos Oruguitas,Sebastian Yatra,1,167076418
Freaks,Surf Curse,1,824420218
Acapulco,Jason Derulo,1,363467642
Daddy Issues,The Neighbourhood,1,1127468248
thought i was playing,"21 Savage, Gunna",2,60680939
ELEVEN,IVE,1,247737946
Mood (feat. Iann Dior),"24kgoldn, Iann Dior",2,1699402402
What Else Can I Do?,"Stephanie Beatriz, Diane Guerrero",2,154797871
DANCE CRIP,Trueno,1,198883004
Miserable Man,David Kushner,1,124407432
happier,Olivia Rodrigo,1,850608354
Praise God,Kanye West,1,376333030
Get Into It (Yuh),Doja Cat,1,516784627
Before You Go,Lewis Capaldi,1,1608045237
Sky,Playboi Carti,1,506778838
Rolling in the Deep,Adele,1,1472799873
Sobrio,Maluma,1,513643924
Peru,"Ed Sheeran, Fireboy DML",2,261286503
favorite crime,Olivia Rodrigo,1,783706581
Thunder,"Prezioso, Gabry Ponte, LUM!X",3,422691058
The Business,Tiï¿½ï¿,1,1062345656
positions,Ariana Grande,1,1252563873
I WANNA BE YOUR SLAVE,Mï¿½ï¿½ne,1,851070493
Vai Lï¿½ï¿½ Em Casa ,"Marï¿½ï¿½lia Mendonï¿½ï¿½a, George Henrique &",2,263894529
The Feels,TWICE,1,345903614
HEARTBREAK ANNIVERSARY,Giveon,1,951637566
No Lie,"Sean Paul, Dua Lipa",2,956865266
OUT OUT (feat. Charli XCX & Saweetie),"Charli XCX, Jax Jones, Joel Corry, Saweetie",4,427486004
Pope Is a Rockstar,SALES,1,156658366
2055,Sleepy hallow,1,624515457
Bored,Billie Eilish,1,777765388
Happier Than Ever - Edit,Billie Eilish,1,412795151
Astronaut In The Ocean,Masked Wolf,1,1138474110
Ley Seca,"Anuel Aa, Jhay Cortez",2,355219175
Every Summertime,NIKI,1,290228626
Talking To The Moon,Bruno Mars,1,1062956628
you broke me first,Tate McRae,1,1180094974
The Nights,Avicii,1,1456081449
Take My Breath,The Weeknd,1,432702334
Way 2 Sexy (with Future & Young Thug),"Drake, Future, Young Thug",3,489945871
Cï¿½ï¿½,Rauw Alejandro,1,465959382
Enemy - from the series Arcane League of Legends,"Imagine Dragons, League of Legends, Arcane",3,1223481149
Dance Monkey,Tones and I,1,2864791672
Lucid Dreams,Juice WRLD,1,2288695111
Quï¿½ï¿½ Mï¿½ï¿,"J Balvin, Maria Becerra",2,720825549
All of Me,John Legend,1,2086124197
Smells Like Teen Spirit - Remastered 2021,Nirvana,1,1690192927
Arcade,Duncan Laurence,1,991336132
Fair Trade (with Travis Scott),"Drake, Travis Scott",2,593917618
Bar,"Tini, L-Gante",2,200972675
The Rumbling (TV Size),SiM,1,71014967
family ties (with Kendrick Lamar),"Kendrick Lamar, Baby Keem",2,560222750
Mr. Brightside,The Killers,1,1806617704
Blessed-Cursed,ENHYPEN,1,77337771
AM Remix,"J Balvin, Nio Garcia, Bad Bunny",3,528544703
Streets,Doja Cat,1,865640097
Shallow,"Lady Gaga, Bradley Cooper",2,2159346687
Polaroid Love,ENHYPEN,1,211372494
Leave Before You Love Me (with Jonas Brothers),"Marshmello, Jonas Brothers",2,651732901
Permission to Dance,BTS,1,608334048
Friday (feat. Mufasa & Hypeman) - Dopamine Re-Edit,"Riton, Nightcrawlers, Mufasa & Hypeman, Dopamine",4,863756573
RAPSTAR,Polo G,1,797402345
'Till I Collapse,"Eminem, Nate Dogg",2,1695712020
Memories,Maroon 5,1,1759567999
Se Le Ve,"Arcangel, De La Ghetto, Justin Quiles, Lenny Tavï¿½ï¿½rez, Sech, Dalex, Dimelo Flow, Rich Music",8,223319934
25k jacket (feat. Lil Baby),"Gunna, Lil Baby",2,54937991
When Iï¿½ï¿½ï¿½m Gone (with Katy ,"Katy Perry, Alesso",2,226897599
Esqueï¿½ï¿½a-Me Se For C,"Marï¿½ï¿½lia Mendonï¿½ï¿½a, Maiara &",2,258316038
Miï¿½ï¿½n,"Tini, Maria Becerra",2,596152090
Sï¿½ï¿½,"Anuel Aa, Myke Towers, Jhay Cortez",3,177129919
MAMIII,"Karol G, Becky G",2,716591492
Still D.R.E.,"Dr. Dre, Snoop Dogg",2,1210599487
Stay Alive (Prod. SUGA of BTS),Jung Kook,1,246376690
Boyfriend,Dove Cameron,1,496311364
The Joker And The Queen (feat. Taylor Swift),"Ed Sheeran, Taylor Swift",2,146789379
The Next Episode,"Dr. Dre, Snoop Dogg",2,843309044
Light Switch,Charlie Puth,1,500340342
City of Gods,"Kanye West, Alicia Keys, Fivio Foreign",3,107255472
Brividi,"Mahmood, Blanco",2,135079152
Lost,Frank Ocean,1,822239726
In Da Club,50 Cent,1,1202722675
she's all i wanna be,Tate McRae,1,343197054
Ginseng Strip 2002,Yung Lean,1,240769997
All For Us - from the HBO Original Series Euphoria,"Labrinth, Zendaya",2,426204830
Notion,The Rare Occasions,1,421135627
Formula,Labrinth,1,554875730
Mount Everest,Labrinth,1,467727006
Excuses,"Intense, AP Dhillon, Gurinder Gill",3,327498031
Cigarettes,Juice WRLD,1,185408548
"Cayï¿½ï¿½ La Noche (feat. Cruz Cafunï¿½ï¿½, Abhir Hathi, Bejo, EL IMA)","Quevedo, La Pantera, Juseph, Cruz Cafunï¿½ï¿½, Bï¿½ï¿½jo, Abhir Hathi",7,245400167
California Love - Original Version (Explicit),"Dr. Dre, 2Pac, Roger",3,579395142
Forgot About Dre,"Eminem, Dr. Dre",2,675039469
Down Under (feat. Colin Hay),"Luude, Colin Hay",2,252871192
Mujeriego,Ryan Castro,1,231996128
HUMBLE.,Kendrick Lamar,1,1929770265
Stan,"Eminem, Dido",2,918915401
Contection,"GODZZ__-, Zakaria",2,1180896317
Swim,Chase Atlantic,1,498960285
A Tu Merced,Bad Bunny,1,685071800
Numb Little Bug,Em Beihold,1,258714692
212,"Mainstreet, Chefin",2,143139338
Problemï¿½,"Alvaro Diaz, Rauw Alejandro",2,209768491
Bussin,"Nicki Minaj, Lil Baby",2,64714573
Worst Day,Future,1,50746620
Malvada,Zï¿½ï¿½ Fe,1,154119539
Hrs and Hrs,Muni Long,1,181328253
Alien Blues,Vundabar,1,370068639
Thinking Out Loud,Ed Sheeran,1,2280566092
Still Don't Know My Name,Labrinth,1,563902868
Christmas Tree,V,1,317622165
Mal Feito - Ao Vivo,"Marï¿½ï¿½lia Mendonï¿½ï¿½a, Hugo & G",2,291709698
When I R.I.P.,Labrinth,1,203680270
Do We Have A Problem?,"Nicki Minaj, Lil Baby",2,81350745
Forever,Labrinth,1,282883169
Gospel (with Eminem),"Eminem, Dr. Dre",2,64787943
Seï¿½ï¿½o,"Shawn Mendes, Camila Cabello",2,2484812918
NEW MAGIC WAND,"Tyler, The Creator",2,461437791
Adore You,Harry Styles,1,1439191367
La Santa,"Daddy Yankee, Bad Bunny",2,759208783
Something In The Way - Remastered 2021,Nirvana,1,368646862
Sweetest Pie,"Dua Lipa, Megan Thee Stallion",2,299634472
Bam Bam (feat. Ed Sheeran),"Camila Cabello, Ed Sheeran",2,756907987
Una Noche en Medellï¿½,Cris Mj,1,682475162
Envolver,Anitta,1,546191065
Starlight,Dave,1,229473310
Hati-Hati di Jalan,Tulus,1,202677468
"I'm Tired - From ""Euphoria"" An Original HBO Series",Labrinth,1,121913181
DANï¿½ï¿½A,"Mc Pedrinho, Pedro Sampaio",2,208166039
Yo Voy (feat. Daddy Yankee),Zion & Lennox,1,527033089
"Residente: Bzrp Music Sessions, Vol. 49","Residente, Bizarrap",2,94616487
Jordan,Ryan Castro,1,394030335
Nail Tech,Jack Harlow,1,193443895
Chale,Eden Muï¿½ï,1,299648208
DARARI,Treasure,1,182978249
Ya No Somos Ni Seremos,Christian Nodal,1,319757142
Thinking with My Dick,"Kevin Gates, Juicy J",2,109091573
Freaky Deaky,"Tyga, Doja Cat",2,153240879
this is what falling in love feels like,JVKE,1,346127840
La Zona,Bad Bunny,1,312622938
Bohemian Rhapsody - Remastered 2011,Queen,1,2197010679
Hope,XXXTENTACION,1,1200808494
Levitating,Dua Lipa,1,797196073
Wake Me Up - Radio Edit,Avicii,1,1970673297
"jealousy, jealousy",Olivia Rodrigo,1,665765558
Monï¿½ï¿½y so,YEAT,1,263779030
Demasiadas Mujeres,C. Tangana,1,339473453
Something Just Like This,"The Chainsmokers, Coldplay",2,2204080728
Closer,"The Chainsmokers, Halsey",2,2591224264
O.O,NMIXX,1,135444283
Somebody That I Used To Know,"Gotye, Kimbra",2,1457139296
Tom's Diner,"AnnenMayKantereit, Giant Rooks",2,236872197
First Class,Jack Harlow,1,694525298
Plan A,Paulo Londra,1,240661097
Fuera del mercado,Danny Ocean,1,421365166
X ï¿½ï¿½LTIMA,"Daddy Yankee, Bad Bunny",2,349746291
When You're Gone,Shawn Mendes,1,255120451
In My Head,Lil Tjay,1,190981339
Wait a Minute!,Willow,1,924193303
LOVE DIVE,IVE,1,305771063
Pantysito,"Feid, Alejo, Robi",3,273005485
Chance,Paulo Londra,1,89566512
Cool for the Summer,Demi Lovato,1,677389855
psychofreak (feat. WILLOW),"Camila Cabello, Willow",2,75476209
Angel Baby,Troye Sivan,1,408843328
Vampiro,"Matuï¿½ï¿½, Wiu, ",3,187772591
Si Quieren Frontear,"De La Ghetto, Duki, Quevedo",3,178512385
Right On,Lil Baby,1,101780047
Me Arrepentï¿,"Ak4:20, Cris Mj, Pailita",3,118381354
That's Hilarious,Charlie Puth,1,146363130
Soy El Unico,Yahritza Y Su Esencia,1,126443991
RUMBATï¿½,Daddy Yankee,1,157990698
sentaDONA (Remix) s2,"Luï¿½ï¿½sa Sonza, MC Frog, Dj Gabriel do Borel, Davi K",4,176290831
Falling,Harry Styles,1,1023187129
Sigue,"Ed Sheeran, J Balvin",2,106933107
Fim de Semana no Rio,teto,1,139193812
MANIAC,Stray Kids,1,212234990
There's Nothing Holdin' Me Back,Shawn Mendes,1,1714490998
IDGAF (with blackbear),"Blackbear, BoyWithUke",2,197643795
Golden,Harry Styles,1,807015863
Get Lucky - Radio Edit,"Pharrell Williams, Nile Rodgers, Daft Punk",3,933815613
Ain't Shit,Doja Cat,1,499710590
"Nobody Like U - From ""Turning Red""","Jordan Fisher, Josh Levi, Finneas O'Connell, 4*TOWN (From Disney and Pixarï¿½ï¿½ï¿½s Turning Red), Topher Ngo, Grayson Vill",6,120847157
Still Life,BIGBANG,1,53909146
Photograph,Ed Sheeran,1,2236667932
Love Yourself,Justin Bieber,1,2123309722
N95,Kendrick Lamar,1,301242089
About Damn Time,Lizzo,1,723894473
Die Hard,"Kendrick Lamar, Blxst, Amanda Reifer",3,237351106
Despuï¿½ï¿½s de la P,Bad Bunny,1,461558540
Un Ratito,Bad Bunny,1,417230415
United In Grief,Kendrick Lamar,1,156898322
Father Time (feat. Sampha),"Kendrick Lamar, Sampha",2,127309180
Yo No Soy Celoso,Bad Bunny,1,313113297
Rich Spirit,Kendrick Lamar,1,173702135
Cooped Up (with Roddy Ricch),"Post Malone, Roddy Ricch",2,271666301
Me Fui de Vacaciones,Bad Bunny,1,305650299
Silent Hill,"Kendrick Lamar, Kodak Black",2,123216717
La Corriente,"Tony Dize, Bad Bunny",2,479655659
Count Me Out,Kendrick Lamar,1,126191104
Andrea,"Buscabulla, Bad Bunny",2,344055883
Dos Mil 16,Bad Bunny,1,338422004
We Cry Together,"Kendrick Lamar, Taylour Paige",2,68895644
Savior,"Kendrick Lamar, Sam Dew, Baby Keem",3,86176890
Un Coco,Bad Bunny,1,403231558
Otro Atardecer,"Bad Bunny, The Marï¿½ï",2,319546754
Worldwide Steppers,Kendrick Lamar,1,61739839
Aguacero,Bad Bunny,1,283359161
Purple Hearts,"Kendrick Lamar, Ghostface Killah, Summer Walker",3,76831876
Un Verano Sin Ti,Bad Bunny,1,283332261
ULTRA SOLO,"Polima WestCoast, Pailita",2,307752576
Ensï¿½ï¿½ï¿½ï¿½ame ,Bad Bunny,1,279737940
El Apagï¿½,Bad Bunny,1,212351890
Callaita,"Bad Bunny, Tainy",2,1304313953
Dua Lipa,Jack Harlow,1,150500965
Agosto,Bad Bunny,1,246127838
House Of Memories,Panic! At The Disco,1,582863434
Mr. Morale,"Kendrick Lamar, Tanna Leone",2,58687425
That That (prod. & feat. SUGA of BTS),"PSY, Suga",2,212109195
In The Stars,Benson Boone,1,382199619
Rich - Interlude,Kendrick Lamar,1,41210087
SUPERMODEL,Mï¿½ï¿½ne,1,231657891
Stefania (Kalush Orchestra),KALUSH,1,53729194
Thousand Miles,The Kid Laroi,1,244741137
Crown,Kendrick Lamar,1,42485571
Auntie Diaries,Kendrick Lamar,1,37778188
PUFFIN ON ZOOTIEZ,Future,1,254218729
Mirror,Kendrick Lamar,1,53603447
Beautiful Girl,Luciano,1,160035717
"Paulo Londra: Bzrp Music Sessions, Vol. 23","Bizarrap, Paulo Londra",2,164163229
Savior - Interlude,Kendrick Lamar,1,37091576
Pasoori,"Shae Gill, Ali Sethi",2,284249832
Mother I Sober (feat. Beth Gibbons of Portishead),"Kendrick Lamar, Beth Gibbons",2,33381454
TUS Lï¿½ï¿½GR,"Sech, Mora",2,184622518
Where Did You Go?,"MNEK, Jax Jones",2,300983101
I Tried to Tell Y'all,"Ugly Dray, Tesla Jnr",2,121077868
Honest (feat. Don Toliver),"Justin Bieber, Don Toliver",2,106919680
ZOOM,Jessi,1,136996305
SloMo,Chanel,1,65719930
FEARLESS,LE SSERAFIM,1,229497852
10 Things I Hate About You,Leah Kate,1,185550869
SPACE MAN,Sam Ryder,1,54682594
With you,"HA SUNG WOON, Jimin",2,240580042
Iris,The Goo Goo Dolls,1,1284942608
The Heart Part 5,Kendrick Lamar,1,71423324
San Lucas,Kevin Kaarl,1,244891912
This Love (Taylorï¿½ï¿½ï¿½s Ve,Taylor Swift,1,132171975
Good Looking,Suki Waterhouse,1,184706613
Flowers,Lauren Spencer Smith,1,184826429
Yet To Come,BTS,1,302006641
Run BTS,BTS,1,330881149
Music For a Sushi Restaurant,Harry Styles,1,334733572
Matilda,Harry Styles,1,366214458
For Youth,BTS,1,114546317
Daylight,Harry Styles,1,290833204
Vegas (From the Original Motion Picture Soundtrack ELVIS),Doja Cat,1,448500832
Cash In Cash Out,"Pharrell Williams, Tyler, The Creator, 21 Savage",4,136676504
Potion (with Dua Lipa & Young Thug),"Calvin Harris, Dua Lipa, Young Thug",3,190625045
Born Singer,BTS,1,79095270
Little Freak,Harry Styles,1,273194684
La Llevo Al Cielo (Ft. ï¿½ï¿½engo F,"Nengo Flow, Anuel Aa, Chris Jedi, Chencho Corleone",4,333146475
True Love,"Kanye West, XXXTENTACION",2,194902696
Satellite,Harry Styles,1,311482393
Pass The Dutchie,Musical Youth,1,195918494
"Villano Antillano: Bzrp Music Sessions, Vol. 51","Bizarrap, Villano Antillano",2,248511839
Love Of My Life,Harry Styles,1,233671263
Grapejuice,Harry Styles,1,199587884
So Good,Halsey,1,91781263
Belly Dancer,"BYOR, Imanbek",2,383835984
Keep Driving,Harry Styles,1,236060709
Cinema,Harry Styles,1,189236868
Die Young (feat. 347aidan),"Sleepy hallow, 347aidan",2,160845341
Only Love Can Hurt Like This,Paloma Faith,1,588955257
Hold My Hand,Lady Gaga,1,238350348
Daydreaming,Harry Styles,1,187703102
Numb,"Marshmello, Khalid",2,295307001
Nos Comemos (feat. Ozuna),"Ozuna, Tiago pzk",2,138334433
Me and Your Mama,Childish Gambino,1,445590495
Crazy What Love Can Do,"David Guetta, Ella Henderson, Becky Hill",3,286739476
SLOW DANCING IN THE DARK,Joji,1,1122364376
Antes de Perderte,Duki,1,157136970
Boyfriends,Harry Styles,1,137070925
295,Sidhu Moose Wala,1,183273246
Tak Ingin Usai,Keisya Levronka,1,184807630
En El Radio Un Cochinero,Victor Cibrian,1,164856284
Master of Puppets (Remastered),Metallica,1,704171068
BREAK MY SOUL,Beyoncï¿,1,354614964
ULTRA SOLO REMIX,"De La Ghetto, Feid, Polima WestCoast, Paloma Mami, Pailita",5,279717388
Massive,Drake,1,195628667
Betty (Get Money),Yung Gravy,1,221752937
Ojos Marrones,Lasso,1,263280370
POP!,Nayeon,1,213505179
Layla,"Schï¿½ï¿½rze, DJ R",2,130419412
MORE,j-hope,1,155795783
Sweet Child O' Mine,Guns N' Roses,1,1553497987
Last Last,Burna Boy,1,293466523
SNAP,Rosa Linn,1,711366595
Sticky,Drake,1,191448892
Hot Shit (feat. Ye & Lil Durk),"Kanye West, Lil Durk, Cardi B",3,85924992
Ai Preto,"L7nnon, DJ Biel do Furduncinho, Bianca",3,176103902
La Loto,"Anitta, Tini, Becky G",3,121189256
die first,Nessa Barrett,1,131746175
Afraid To Feel,LF System,1,244790012
Baile no Morro,"Mc Vitin Da Igrejinha, MC Tairon, DJ Win",3,129314708
cï¿½ï¿½mo dormi,Rels B,1,331511413
Bad Decisions (with BTS & Snoop Dogg),"Snoop Dogg, BTS, Benny Blanco",3,219196651
STAYING ALIVE (feat. Drake & Lil Baby),"Drake, DJ Khaled, Lil Baby",3,170732845
Caile,Luar La L,1,273914335
Si Te La Encuentras Por Ahï¿,Feid,1,179061440
GIVENCHY,Duki,1,185236961
ALIEN SUPERSTAR,Beyoncï¿,1,171788484
Mary On A Cross,Ghost,1,387080183
Attention,NewJeans,1,264717480
THE SHADE,Rex Orange County,1,244928911
"Come Back Home - From ""Purple Hearts""",Sofia Carson,1,97610446
El Rescate,"Grupo Marca Registrada, Junior H",2,287278853
Heartless,Kanye West,1,887906111
"Stay With Me (with Justin Timberlake, Halsey, & Pharrell)","Calvin Harris, Halsey, Pharrell Williams, Justin Timberlake",4,123473120
Siempre Pendientes,"Peso Pluma, Luis R Conriquez",2,295152154
JGL,"Luis R Conriquez, La Adictiva",2,323455692
Don't You Worry,"David Guetta, Shakira, Black Eyed Peas",3,240918092
Pipoco,"Melody, Ana Castela, Dj Chris No Beat",3,191873381
Hold Me Closer,"Elton John, Britney Spears",2,284216603
Forget Me,Lewis Capaldi,1,239411309
After LIKE,IVE,1,265548837
Bound 2,Kanye West,1,703301727
B.O.T.A. (Baddest Of Them All) - Edit,"Interplanetary Criminal, Eliza Rose",2,244585109
Talk that Talk,TWICE,1,189476119
BILLIE EILISH.,Armani White,1,277132266
Ferxxo 100,Feid,1,278920007
KU LO SA - A COLORS SHOW,Oxlade,1,222410722
Prohibidox,Feid,1,185392587
Static,Steve Lacy,1,202452860
The Scientist,Coldplay,1,1608164312
Sparks,Coldplay,1,624101957
Talk,YEAT,1,148461629
XQ Te Pones Asï¿,"Yandel, Feid",2,47093942
Selfish,PnB Rock,1,380319238
Sin Seï¿½ï,"Ovy On The Drums, Quevedo",2,209106362
Lady Mi Amor,Feid,1,53987404
Poland,Lil Yachty,1,115331792
THE LONELIEST,Mï¿½ï¿½ne,1,225093344
Bye Bye,"Marshmello, Juice WRLD",2,84697729
BABY OTAKU,"Fran C, Polima WestCoast, Nickoog Clk, Pablito Pesadilla",4,159240673
Nxde,(G)I-DLE,1,170709584
Miss You,Southstar,1,154356956
we fell in love in october,girl in red,1,723043854
2 Be Loved (Am I Ready),Lizzo,1,247689123
Celestial,Ed Sheeran,1,176474912
Typa Girl,BLACKPINK,1,235549288
I Really Want to Stay at Your House,"Rosa Walton, Hallie Coggins",2,140430339
California Breeze,Lil Baby,1,85559365
Bamba (feat. Aitch & BIA),"Luciano, Aitch, Bï¿½",3,146223492
Casei Com a Putaria,"MC Ryan SP, Love Funk, Mc Paiva ZS",3,187701588
Major Distribution,"Drake, 21 Savage",2,154863153
Pussy & Millions (feat. Travis Scott),"Drake, Travis Scott, 21 Savage",3,191333656
Vigilante Shit,Taylor Swift,1,253650850
Question...?,Taylor Swift,1,223064273
On BS,"Drake, 21 Savage",2,170413877
Mastermind,Taylor Swift,1,218320587
Circo Loco,"Drake, 21 Savage",2,141720999
Labyrinth,Taylor Swift,1,187339835
Spin Bout U,"Drake, 21 Savage",2,198365537
Sweet Nothing,Taylor Swift,1,186104310
"Would've, Could've, Should've",Taylor Swift,1,177503916
Con La Brisa,"Ludwig Goransson, Foudeqush",2,71095708
Privileged Rappers,"Drake, 21 Savage",2,112436403
The Astronaut,Jin,1,203436468
BackOutsideBoyz,Drake,1,93367537
Broke Boys,"Drake, 21 Savage",2,106249219
The Great War,Taylor Swift,1,181382590
My Mind & Me,Selena Gomez,1,91473363
Bigger Than The Whole Sky,Taylor Swift,1,121871870
A Veces (feat. Feid),"Feid, Paulo Londra",2,73513683
En La De Ella,"Feid, Sech, Jhayco",3,133895612
Alone,Burna Boy,1,96007391
